node,p0_core20_temp,p1_core10_temp,total_power,cpu_user,minimum_rows,total_rows
578,2517,2517,2517,1014,1014,8565
151,2517,2517,2517,1001,1001,8552
35,2517,2517,2517,851,851,8402
236,2515,2515,2515,849,849,8394
119,2517,2517,2517,729,729,8280
436,2517,2517,2517,712,712,8263
198,2517,2517,2517,692,692,8243
123,2517,2517,2517,679,679,8230
38,2517,2517,2517,677,677,8228
841,2513,2513,2513,674,674,8213
435,2517,2517,2517,666,666,8217
419,2517,2517,2517,660,660,8211
398,2517,2517,2517,656,656,8207
568,2517,2517,2517,656,656,8207
923,2517,2517,2517,651,651,8202
109,2517,2517,2517,650,650,8201
748,2517,2517,2517,649,649,8200
66,2517,2517,2517,649,649,8200
423,2517,2517,2517,649,649,8200
899,2515,2515,2515,649,649,8194
182,2514,2514,2514,649,649,8191
355,2516,2516,2516,648,648,8196
345,2517,2517,2517,645,645,8196
643,2517,2517,2517,643,643,8194
894,2514,2514,2514,643,643,8185
149,2517,2517,2517,642,642,8193
274,2517,2517,2517,642,642,8193
252,2517,2517,2517,634,634,8185
854,2514,2514,2514,634,634,8176
323,2514,2514,2514,633,633,8175
135,2517,2517,2517,630,630,8181
633,2517,2517,2517,619,619,8170
28,2517,2517,2517,618,618,8169
947,2517,2517,2517,615,615,8166
579,2517,2517,2517,613,613,8164
43,2517,2517,2517,612,612,8163
156,2517,2517,2517,612,612,8163
332,2517,2517,2517,609,609,8160
279,2517,2517,2517,608,608,8159
55,2517,2517,2517,605,605,8156
967,2517,2517,2517,603,603,8154
290,2516,2516,2516,602,602,8150
131,2517,2517,2517,601,601,8152
171,2517,2517,2517,598,598,8149
295,2518,2518,2517,596,596,8149
246,2514,2514,2514,596,596,8138
117,2517,2517,2517,594,594,8145
651,2517,2517,2517,592,592,8143
175,2517,2517,2517,591,591,8142
674,2517,2517,2517,591,591,8142
659,2517,2517,2517,589,589,8140
354,2517,2517,2517,589,589,8140
727,2517,2517,2517,589,589,8140
861,2516,2516,2516,589,589,8137
953,2517,2517,2517,588,588,8139
863,2517,2517,2517,588,588,8139
300,2517,2517,2517,587,587,8138
340,2517,2517,2517,586,586,8137
593,2517,2517,2517,586,586,8137
771,2517,2517,2517,585,585,8136
261,2517,2517,2517,584,584,8135
140,2517,2517,2517,584,584,8135
44,2517,2517,2517,584,584,8135
45,2517,2517,2517,584,584,8135
116,2517,2517,2517,584,584,8135
301,2514,2514,2514,584,584,8126
842,2517,2517,2517,583,583,8134
120,2517,2517,2517,583,583,8134
441,2517,2517,2517,583,583,8134
401,2517,2517,2517,583,583,8134
180,2516,2516,2516,583,583,8131
691,2517,2517,2517,582,582,8133
761,2517,2517,2517,582,582,8133
78,2517,2517,2517,582,582,8133
322,2515,2515,2515,582,582,8127
394,2517,2517,2517,581,581,8132
562,2517,2517,2517,581,581,8132
424,2517,2517,2517,581,581,8132
905,2517,2517,2517,581,581,8132
846,2517,2517,2517,581,581,8132
226,2516,2516,2516,581,581,8129
838,2517,2517,2517,580,580,8131
784,2517,2517,2517,580,580,8131
80,2517,2517,2517,580,580,8131
427,2517,2517,2517,580,580,8131
457,2517,2517,2517,580,580,8131
697,2517,2517,2517,580,580,8131
161,2515,2515,2515,579,579,8124
136,2517,2517,2517,578,578,8129
138,2517,2517,2517,578,578,8129
31,2517,2517,2517,577,577,8128
153,2517,2517,2517,577,577,8128
893,2517,2517,2517,577,577,8128
615,2517,2517,2517,577,577,8128
241,2515,2515,2515,577,577,8122
388,2517,2517,2517,576,576,8127
559,2517,2517,2517,576,576,8127
422,2517,2517,2517,576,576,8127
629,2517,2517,2517,576,576,8127
777,2517,2517,2517,576,576,8127
184,2516,2516,2516,576,576,8124
94,2517,2517,2517,575,575,8126
371,2517,2517,2517,575,575,8126
132,2517,2517,2517,575,575,8126
376,2517,2517,2517,575,575,8126
667,2517,2517,2517,575,575,8126
556,2517,2517,2517,574,574,8125
107,2517,2517,2517,574,574,8125
476,2517,2517,2517,574,574,8125
930,2517,2517,2517,574,574,8125
705,2517,2517,2517,574,574,8125
122,2517,2517,2517,573,573,8124
126,2517,2517,2517,573,573,8124
492,2517,2517,2517,573,573,8124
505,2517,2517,2517,573,573,8124
641,2517,2517,2517,573,573,8124
518,2517,2517,2517,573,573,8124
535,2517,2517,2517,573,573,8124
228,2517,2517,2517,572,572,8123
326,2517,2517,2517,572,572,8123
50,2517,2517,2517,572,572,8123
205,2517,2517,2517,571,571,8122
442,2517,2517,2517,571,571,8122
470,2517,2517,2517,571,571,8122
406,2517,2517,2517,571,571,8122
514,2517,2517,2517,571,571,8122
245,2517,2517,2516,571,571,8121
472,2517,2517,2517,570,570,8121
904,2517,2517,2517,570,570,8121
851,2517,2517,2517,570,570,8121
524,2517,2517,2517,570,570,8121
508,2517,2517,2517,570,570,8121
483,2517,2517,2517,570,570,8121
199,2516,2516,2516,570,570,8118
266,2515,2515,2515,570,570,8115
631,2517,2517,2517,569,569,8120
374,2517,2517,2517,569,569,8120
468,2517,2517,2517,569,569,8120
652,2517,2517,2517,569,569,8120
687,2517,2517,2517,569,569,8120
606,2517,2517,2517,569,569,8120
69,2517,2517,2517,568,568,8119
53,2517,2517,2517,568,568,8119
314,2517,2517,2517,568,568,8119
462,2517,2517,2517,568,568,8119
928,2517,2517,2517,568,568,8119
668,2517,2517,2517,568,568,8119
907,2517,2517,2517,568,568,8119
545,2517,2517,2517,568,568,8119
802,2517,2517,2517,567,567,8118
475,2517,2517,2517,567,567,8118
592,2517,2517,2517,567,567,8118
264,2516,2516,2516,567,567,8115
805,2517,2517,2517,566,566,8117
632,2517,2517,2517,566,566,8117
437,2517,2517,2517,566,566,8117
650,2517,2517,2517,566,566,8117
722,2517,2517,2517,566,566,8117
707,2517,2517,2517,566,566,8117
857,2517,2517,2517,566,566,8117
934,2517,2517,2517,566,566,8117
208,2516,2516,2516,566,566,8114
852,2516,2516,2516,566,566,8114
302,2515,2515,2515,566,566,8111
872,2514,2514,2514,566,566,8108
173,2513,2513,2513,566,566,8105
839,2517,2517,2517,565,565,8116
36,2517,2517,2517,565,565,8116
121,2517,2517,2517,565,565,8116
311,2517,2517,2517,565,565,8116
416,2517,2517,2517,565,565,8116
595,2517,2517,2517,565,565,8116
584,2517,2517,2517,565,565,8116
711,2517,2517,2517,565,565,8116
865,2517,2517,2517,565,565,8116
378,2517,2517,2517,565,565,8116
380,2517,2517,2517,565,565,8116
218,2515,2515,2515,565,565,8110
386,2517,2517,2517,564,564,8115
795,2517,2517,2517,564,564,8115
832,2517,2517,2517,564,564,8115
338,2517,2517,2517,564,564,8115
635,2517,2517,2517,564,564,8115
692,2517,2517,2517,564,564,8115
929,2517,2517,2517,564,564,8115
976,2517,2517,2517,564,564,8115
74,2517,2517,2517,564,564,8115
83,2517,2517,2517,564,564,8115
195,2517,2517,2517,564,564,8115
251,2517,2517,2517,564,564,8115
959,2517,2517,2517,564,564,8115
962,2517,2517,2517,564,564,8115
541,2517,2517,2517,564,564,8115
356,2515,2515,2515,564,564,8109
385,2517,2517,2517,563,563,8114
767,2517,2517,2517,563,563,8114
919,2517,2517,2517,563,563,8114
944,2517,2517,2517,563,563,8114
979,2517,2517,2517,563,563,8114
762,2517,2517,2517,563,563,8114
409,2517,2517,2517,563,563,8114
86,2517,2517,2517,563,563,8114
484,2517,2517,2517,563,563,8114
881,2517,2517,2517,563,563,8114
280,2515,2515,2515,563,563,8108
321,2515,2515,2515,563,563,8108
501,2514,2514,2514,563,563,8105
316,2517,2517,2517,562,562,8113
507,2517,2517,2517,562,562,8113
471,2517,2517,2517,562,562,8113
977,2517,2517,2517,562,562,8113
783,2517,2517,2517,562,562,8113
516,2517,2517,2517,562,562,8113
512,2517,2517,2517,562,562,8113
349,2517,2517,2517,562,562,8113
478,2517,2517,2517,562,562,8113
489,2517,2517,2517,562,562,8113
26,2517,2517,2517,562,562,8113
203,2514,2514,2514,562,562,8104
202,2514,2514,2514,562,562,8104
813,2517,2517,2517,561,561,8112
154,2517,2517,2517,561,561,8112
124,2517,2517,2517,561,561,8112
239,2517,2517,2517,561,561,8112
335,2517,2517,2517,561,561,8112
415,2517,2517,2517,561,561,8112
499,2517,2517,2517,561,561,8112
365,2517,2517,2517,561,561,8112
366,2517,2517,2517,561,561,8112
368,2517,2517,2517,561,561,8112
369,2517,2517,2517,561,561,8112
473,2517,2517,2517,561,561,8112
664,2517,2517,2517,561,561,8112
684,2517,2517,2517,561,561,8112
708,2517,2517,2517,561,561,8112
779,2517,2517,2517,561,561,8112
939,2517,2517,2517,561,561,8112
402,2517,2517,2517,561,561,8112
935,2517,2517,2517,561,561,8112
108,2517,2517,2517,561,561,8112
460,2517,2517,2517,561,561,8112
461,2517,2517,2517,561,561,8112
536,2517,2517,2517,561,561,8112
909,2517,2517,2517,561,561,8112
544,2517,2517,2517,561,561,8112
213,2516,2516,2516,561,561,8109
269,2516,2516,2516,561,561,8109
862,2516,2516,2516,561,561,8109
389,2517,2517,2517,560,560,8111
827,2517,2517,2517,560,560,8111
831,2517,2517,2517,560,560,8111
826,2517,2517,2517,560,560,8111
54,2517,2517,2517,560,560,8111
64,2517,2517,2517,560,560,8111
262,2517,2517,2517,560,560,8111
103,2517,2517,2517,560,560,8111
320,2517,2517,2517,560,560,8111
324,2517,2517,2517,560,560,8111
87,2517,2517,2517,560,560,8111
170,2517,2517,2517,560,560,8111
303,2517,2517,2517,560,560,8111
307,2517,2517,2517,560,560,8111
361,2517,2517,2517,560,560,8111
362,2517,2517,2517,560,560,8111
370,2517,2517,2517,560,560,8111
450,2517,2517,2517,560,560,8111
451,2517,2517,2517,560,560,8111
133,2517,2517,2517,560,560,8111
134,2517,2517,2517,560,560,8111
464,2517,2517,2517,560,560,8111
465,2517,2517,2517,560,560,8111
585,2517,2517,2517,560,560,8111
597,2517,2517,2517,560,560,8111
600,2517,2517,2517,560,560,8111
775,2517,2517,2517,560,560,8111
917,2517,2517,2517,560,560,8111
764,2517,2517,2517,560,560,8111
891,2517,2517,2517,560,560,8111
864,2517,2517,2517,560,560,8111
758,2517,2517,2517,560,560,8111
408,2517,2517,2517,560,560,8111
278,2517,2517,2517,560,560,8111
190,2517,2517,2517,560,560,8111
200,2517,2517,2517,560,560,8111
254,2517,2517,2517,560,560,8111
511,2517,2517,2517,560,560,8111
350,2517,2517,2517,560,560,8111
453,2517,2517,2517,560,560,8111
604,2517,2517,2517,560,560,8111
666,2517,2517,2517,560,560,8111
481,2517,2517,2517,560,560,8111
912,2517,2517,2517,560,560,8111
915,2517,2517,2517,560,560,8111
20,2517,2517,2517,560,560,8111
222,2516,2516,2516,560,560,8108
277,2516,2516,2516,560,560,8108
258,2515,2515,2515,560,560,8105
232,2515,2515,2515,560,560,8105
187,2515,2515,2515,560,560,8105
162,2515,2515,2515,560,560,8105
237,2518,2518,2517,559,559,8112
298,2517,2517,2517,559,559,8110
219,2517,2517,2517,559,559,8110
384,2517,2517,2517,559,559,8110
393,2517,2517,2517,559,559,8110
399,2517,2517,2517,559,559,8110
558,2517,2517,2517,559,559,8110
563,2517,2517,2517,559,559,8110
570,2517,2517,2517,559,559,8110
554,2517,2517,2517,559,559,8110
571,2517,2517,2517,559,559,8110
752,2517,2517,2517,559,559,8110
37,2517,2517,2517,559,559,8110
63,2517,2517,2517,559,559,8110
68,2517,2517,2517,559,559,8110
257,2517,2517,2517,559,559,8110
141,2517,2517,2517,559,559,8110
73,2517,2517,2517,559,559,8110
96,2517,2517,2517,559,559,8110
99,2517,2517,2517,559,559,8110
118,2517,2517,2517,559,559,8110
128,2517,2517,2517,559,559,8110
130,2517,2517,2517,559,559,8110
235,2517,2517,2517,559,559,8110
315,2517,2517,2517,559,559,8110
317,2517,2517,2517,559,559,8110
159,2517,2517,2517,559,559,8110
309,2517,2517,2517,559,559,8110
339,2517,2517,2517,559,559,8110
346,2517,2517,2517,559,559,8110
420,2517,2517,2517,559,559,8110
494,2517,2517,2517,559,559,8110
367,2517,2517,2517,559,559,8110
372,2517,2517,2517,559,559,8110
622,2517,2517,2517,559,559,8110
440,2517,2517,2517,559,559,8110
598,2517,2517,2517,559,559,8110
655,2517,2517,2517,559,559,8110
663,2517,2517,2517,559,559,8110
685,2517,2517,2517,559,559,8110
665,2517,2517,2517,559,559,8110
814,2517,2517,2517,559,559,8110
823,2517,2517,2517,559,559,8110
720,2517,2517,2517,559,559,8110
723,2517,2517,2517,559,559,8110
774,2517,2517,2517,559,559,8110
925,2517,2517,2517,559,559,8110
927,2517,2517,2517,559,559,8110
916,2517,2517,2517,559,559,8110
949,2517,2517,2517,559,559,8110
866,2517,2517,2517,559,559,8110
873,2517,2517,2517,559,559,8110
403,2517,2517,2517,559,559,8110
404,2517,2517,2517,559,559,8110
847,2517,2517,2517,559,559,8110
46,2517,2517,2517,559,559,8110
47,2517,2517,2517,559,559,8110
937,2517,2517,2517,559,559,8110
275,2517,2517,2517,559,559,8110
276,2517,2517,2517,559,559,8110
114,2517,2517,2517,559,559,8110
115,2517,2517,2517,559,559,8110
517,2517,2517,2517,559,559,8110
534,2517,2517,2517,559,559,8110
426,2517,2517,2517,559,559,8110
433,2517,2517,2517,559,559,8110
3,2517,2517,2517,559,559,8110
14,2517,2517,2517,559,559,8110
357,2517,2517,2517,559,559,8110
360,2517,2517,2517,559,559,8110
459,2517,2517,2517,559,559,8110
379,2517,2517,2517,559,559,8110
605,2517,2517,2517,559,559,8110
607,2517,2517,2517,559,559,8110
488,2517,2517,2517,559,559,8110
914,2517,2517,2517,559,559,8110
961,2517,2517,2517,559,559,8110
543,2517,2517,2517,559,559,8110
21,2517,2517,2517,559,559,8110
259,2516,2516,2516,559,559,8107
265,2516,2516,2516,559,559,8107
234,2516,2516,2516,559,559,8107
336,2516,2516,2516,559,559,8107
217,2515,2515,2515,559,559,8104
327,2515,2515,2515,559,559,8104
898,2514,2514,2514,559,559,8101
157,2513,2513,2513,559,559,8098
215,2517,2517,2517,558,558,8109
281,2517,2517,2517,558,558,8109
297,2517,2517,2517,558,558,8109
391,2517,2517,2517,558,558,8109
830,2517,2517,2517,558,558,8109
793,2517,2517,2517,558,558,8109
737,2517,2517,2517,558,558,8109
750,2517,2517,2517,558,558,8109
33,2517,2517,2517,558,558,8109
34,2517,2517,2517,558,558,8109
39,2517,2517,2517,558,558,8109
61,2517,2517,2517,558,558,8109
72,2517,2517,2517,558,558,8109
263,2517,2517,2517,558,558,8109
172,2517,2517,2517,558,558,8109
179,2517,2517,2517,558,558,8109
185,2517,2517,2517,558,558,8109
104,2517,2517,2517,558,558,8109
105,2517,2517,2517,558,558,8109
127,2517,2517,2517,558,558,8109
310,2517,2517,2517,558,558,8109
410,2517,2517,2517,558,558,8109
347,2517,2517,2517,558,558,8109
411,2517,2517,2517,558,558,8109
412,2517,2517,2517,558,558,8109
421,2517,2517,2517,558,558,8109
496,2517,2517,2517,558,558,8109
330,2517,2517,2517,558,558,8109
623,2517,2517,2517,558,558,8109
627,2517,2517,2517,558,558,8109
444,2517,2517,2517,558,558,8109
449,2517,2517,2517,558,558,8109
647,2517,2517,2517,558,558,8109
679,2517,2517,2517,558,558,8109
683,2517,2517,2517,558,558,8109
694,2517,2517,2517,558,558,8109
820,2517,2517,2517,558,558,8109
710,2517,2517,2517,558,558,8109
712,2517,2517,2517,558,558,8109
903,2517,2517,2517,558,558,8109
639,2517,2517,2517,558,558,8109
640,2517,2517,2517,558,558,8109
766,2517,2517,2517,558,558,8109
924,2517,2517,2517,558,558,8109
943,2517,2517,2517,558,558,8109
954,2517,2517,2517,558,558,8109
955,2517,2517,2517,558,558,8109
791,2517,2517,2517,558,558,8109
51,2517,2517,2517,558,558,8109
931,2517,2517,2517,558,558,8109
270,2517,2517,2517,558,558,8109
520,2517,2517,2517,558,558,8109
248,2517,2517,2517,558,558,8109
431,2517,2517,2517,558,558,8109
434,2517,2517,2517,558,558,8109
12,2517,2517,2517,558,558,8109
613,2517,2517,2517,558,558,8109
673,2517,2517,2517,558,558,8109
730,2517,2517,2517,558,558,8109
731,2517,2517,2517,558,558,8109
958,2517,2517,2517,558,558,8109
964,2517,2517,2517,558,558,8109
24,2517,2517,2517,558,558,8109
25,2517,2517,2517,558,558,8109
216,2516,2516,2516,558,558,8106
268,2516,2516,2516,558,558,8106
244,2516,2516,2516,558,558,8106
211,2515,2515,2515,558,558,8103
359,2515,2515,2515,558,558,8103
966,2514,2514,2514,558,558,8100
102,2513,2513,2513,558,558,8097
285,2517,2517,2517,557,557,8108
291,2517,2517,2517,557,557,8108
794,2517,2517,2517,557,557,8108
800,2517,2517,2517,557,557,8108
811,2517,2517,2517,557,557,8108
744,2517,2517,2517,557,557,8108
256,2517,2517,2517,557,557,8108
145,2517,2517,2517,557,557,8108
146,2517,2517,2517,557,557,8108
150,2517,2517,2517,557,557,8108
93,2517,2517,2517,557,557,8108
125,2517,2517,2517,557,557,8108
312,2517,2517,2517,557,557,8108
158,2517,2517,2517,557,557,8108
168,2517,2517,2517,557,557,8108
308,2517,2517,2517,557,557,8108
334,2517,2517,2517,557,557,8108
413,2517,2517,2517,557,557,8108
493,2517,2517,2517,557,557,8108
445,2517,2517,2517,557,557,8108
466,2517,2517,2517,557,557,8108
591,2517,2517,2517,557,557,8108
662,2517,2517,2517,557,557,8108
675,2517,2517,2517,557,557,8108
718,2517,2517,2517,557,557,8108
895,2517,2517,2517,557,557,8108
897,2517,2517,2517,557,557,8108
582,2517,2517,2517,557,557,8108
780,2517,2517,2517,557,557,8108
782,2517,2517,2517,557,557,8108
946,2517,2517,2517,557,557,8108
968,2517,2517,2517,557,557,8108
756,2517,2517,2517,557,557,8108
759,2517,2517,2517,557,557,8108
407,2517,2517,2517,557,557,8108
853,2517,2517,2517,557,557,8108
84,2517,2517,2517,557,557,8108
529,2517,2517,2517,557,557,8108
456,2517,2517,2517,557,557,8108
698,2517,2517,2517,557,557,8108
736,2517,2517,2517,557,557,8108
243,2516,2516,2516,557,557,8105
896,2515,2515,2515,557,557,8102
260,2513,2513,2513,557,557,8096
178,2513,2513,2513,557,557,8096
387,2517,2517,2517,556,556,8107
806,2517,2517,2517,556,556,8107
746,2517,2517,2517,556,556,8107
174,2517,2517,2517,556,556,8107
313,2517,2517,2517,556,556,8107
164,2517,2517,2517,556,556,8107
425,2517,2517,2517,556,556,8107
590,2517,2517,2517,556,556,8107
825,2517,2517,2517,556,556,8107
969,2517,2517,2517,556,556,8107
755,2517,2517,2517,556,556,8107
4,2517,2517,2517,556,556,8107
10,2517,2517,2517,556,556,8107
960,2517,2517,2517,556,556,8107
537,2517,2517,2517,556,556,8107
538,2517,2517,2517,556,556,8107
287,2516,2516,2516,556,556,8104
715,2518,2518,2517,555,555,8108
392,2517,2517,2517,555,555,8106
500,2517,2517,2517,555,555,8106
139,2517,2517,2517,555,555,8106
725,2517,2517,2517,555,555,8106
528,2517,2517,2517,555,555,8106
671,2517,2517,2517,555,555,8106
189,2516,2516,2516,555,555,8103
804,2517,2517,2517,554,554,8105
686,2517,2517,2517,554,554,8105
948,2517,2517,2517,554,554,8105
482,2517,2517,2517,554,554,8105
910,2517,2517,2517,554,554,8105
271,2516,2516,2516,554,554,8102
32,2517,2517,2517,553,553,8104
71,2517,2517,2517,549,549,8100
112,203,203,203,558,203,1167
521,6,6,6,1,1,19
