feature,importance,absolute_importance
total_power_roll_mean_10,58.273542938966436,58.273542938966436
total_power_roll_mean_5,30.66847971237295,30.66847971237295
p0_vdd_temp,19.38437152957218,19.38437152957218
p0_vdd_temp_lag_1,16.13246607974332,16.13246607974332
cpu_socket_power_roll_mean_5,-15.611442442266938,15.611442442266938
total_power_lag_10,15.522470774287049,15.522470774287049
total_power,14.629638712658705,14.629638712658705
cpu_temp_max_lag_10,-14.275961571691225,14.275961571691225
total_power_lag_1,13.891747717415152,13.891747717415152
total_power_roll_mean_3,13.26586749493283,13.26586749493283
total_power_lag_5,13.214888796867799,13.214888796867799
ambient,-11.465876195619218,11.465876195619218
p1_vdd_temp_lag_10,11.381528074942349,11.381528074942349
cpu_temp_max_roll_mean_10,-10.172715680722181,10.172715680722181
total_power_lag_2,9.321699126331328,9.321699126331328
cpu_busy_roll_mean_3,9.071186935841636,9.071186935841636
node_578,8.956606307366789,8.956606307366789
p1_vdd_temp_lag_2,-7.99907789149831,7.99907789149831
p0_vdd_temp_lag_2,7.808120712996147,7.808120712996147
ambient_lag_2,-7.680394228900381,7.680394228900381
node_236,-6.96789415243897,6.96789415243897
load_one_lag_5,6.667785440165327,6.667785440165327
load_fifteen_lag_1,-6.633105049232115,6.633105049232115
cpu_busy_roll_std_10,-6.388581941392215,6.388581941392215
p0_vdd_temp_lag_10,6.237812007936345,6.237812007936345
node_419,6.221772472080994,6.221772472080994
node_35,-6.165653273482851,6.165653273482851
cpu_temp_mean_roll_std_10,6.114993762384266,6.114993762384266
cpu_socket_power_roll_std_10,6.06690747779204,6.06690747779204
node_435,6.053536290919615,6.053536290919615
node_38,-5.981037397967415,5.981037397967415
ambient_lag_10,5.968347899995557,5.968347899995557
p0_power,-5.711917384058678,5.711917384058678
load_fifteen,-5.603750332975281,5.603750332975281
node_841,-5.537391756582401,5.537391756582401
cpu_busy_roll_mean_5,5.118818962143713,5.118818962143713
total_power_roll_std_5,5.051471222521091,5.051471222521091
load_fifteen_lag_5,-4.7537710057999885,4.7537710057999885
load_one_lag_2,-4.633365817364978,4.633365817364978
cpu_temp_mean_lag_10,4.610121015507956,4.610121015507956
cpu_busy_roll_std_5,-4.545787309786752,4.545787309786752
total_power_roll_std_3,4.380328735324667,4.380328735324667
load_one_roll_std_5,4.203260404247017,4.203260404247017
cpu_temp_max_delta_5,4.1709910047892995,4.1709910047892995
p1_power_lag_2,-3.863353539858978,3.863353539858978
cpu_temp_mean_roll_mean_5,3.860636844317828,3.860636844317828
node_198,3.763850721301366,3.763850721301366
load_one_lag_10,-3.73324983181052,3.73324983181052
cpu_socket_power_roll_std_3,3.673403581385985,3.673403581385985
load_five_lag_10,3.673389109497892,3.673389109497892
node_151,-3.592708573952437,3.592708573952437
p1_power_lag_10,-3.5699463680157955,3.5699463680157955
p1_vdd_temp,3.567385289171834,3.567385289171834
load_one_roll_std_10,-3.5632795147143477,3.5632795147143477
p0_power_lag_1,-3.5573016858597817,3.5573016858597817
node_436,3.5093269037078865,3.5093269037078865
p0_power_lag_5,-3.4656010438076796,3.4656010438076796
ambient_lag_5,3.365450540226132,3.365450540226132
cpu_temp_mean_delta_5,3.2113528416873103,3.2113528416873103
cpu_temp_mean_lag_1,3.159313084102397,3.159313084102397
cpu_temp_mean,3.1428951775293474,3.1428951775293474
load_one_lag_1,3.0624749225668935,3.0624749225668935
cpu_temp_max_lag_2,-2.883830636762082,2.883830636762082
cpu_temp_mean_roll_mean_10,-2.8113030444493505,2.8113030444493505
cpu_temp_mean_roll_mean_3,2.762906480120488,2.762906480120488
cpu_temp_sensor_count,2.737074112499357,2.737074112499357
cpu_busy_delta_5,2.6977249435453654,2.6977249435453654
cpu_idle_lag_5,-2.6775427673874503,2.6775427673874503
cpu_temp_mean_lag_5,2.626558876999255,2.626558876999255
minute_cos,2.604687328138916,2.604687328138916
cpu_busy_lag_5,2.585552386346622,2.585552386346622
cpu_idle_lag_2,2.584756709724752,2.584756709724752
total_power_delta_5,2.5736295603244987,2.5736295603244987
cpu_temp_mean_roll_std_3,2.5281939623779817,2.5281939623779817
cpu_temp_max_roll_std_5,-2.4904343189307743,2.4904343189307743
cpu_busy_lag_2,-2.4414591841094144,2.4414591841094144
cpu_temp_mean_roll_std_5,-2.4377644022686566,2.4377644022686566
load_fifteen_lag_2,-2.427066572608077,2.427066572608077
p1_power,2.364204288042044,2.364204288042044
p1_vdd_temp_lag_5,-2.239953846033077,2.239953846033077
load_one,2.223187638974061,2.223187638974061
cpu_socket_power_lag_10,-2.197801381139838,2.197801381139838
minute_sin,-2.18308761510606,2.18308761510606
cpu_temp_max,2.1546754522571723,2.1546754522571723
ambient_lag_1,-2.1281433813682242,2.1281433813682242
total_power_roll_std_10,-2.0446492215441374,2.0446492215441374
cpu_temp_max_lag_1,2.0425246701300517,2.0425246701300517
cpu_temp_mean_lag_2,1.9713298341766536,1.9713298341766536
cpu_busy_roll_mean_10,-1.8047612793276433,1.8047612793276433
cpu_socket_power_lag_1,-1.8011676945667114,1.8011676945667114
cpu_socket_power_roll_mean_3,-1.7933679966907847,1.7933679966907847
cpu_socket_power_lag_2,-1.7840539072385289,1.7840539072385289
load_fifteen_lag_10,1.6919494341352652,1.6919494341352652
cpu_busy_lag_10,-1.6682759812969707,1.6682759812969707
cpu_socket_power,-1.6214737874256355,1.6214737874256355
p1_vdd_temp_lag_1,1.6172218477454339,1.6172218477454339
cpu_idle_lag_10,1.6143706452439475,1.6143706452439475
p0_vdd_temp_lag_5,-1.5481379883617898,1.5481379883617898
total_power_delta_1,1.3760444851167761,1.3760444851167761
load_five_lag_5,1.3563185356600695,1.3563185356600695
load_one_roll_mean_10,-1.3498106067986055,1.3498106067986055
cpu_system,1.3005925056564498,1.3005925056564498
cpu_socket_power_lag_5,-1.279221726865559,1.279221726865559
cpu_busy,-1.2326840894969515,1.2326840894969515
cpu_temp_max_lag_5,1.1915273063776213,1.1915273063776213
load_five_lag_2,1.1872886648802268,1.1872886648802268
cpu_user,-1.1359179297212578,1.1359179297212578
load_five_lag_1,-1.126525304691338,1.126525304691338
load_one_roll_mean_3,-1.1163399889520795,1.1163399889520795
cpu_idle,1.1125975932811305,1.1125975932811305
cpu_busy_roll_std_3,1.0997306501138042,1.0997306501138042
cpu_socket_power_roll_std_5,-0.9320858467029884,0.9320858467029884
load_five,-0.9134344688370928,0.9134344688370928
p1_power_lag_5,0.8655221465255643,0.8655221465255643
cpu_socket_power_roll_mean_10,-0.8416910630268035,0.8416910630268035
cpu_busy_delta_1,0.8415264680886416,0.8415264680886416
cpu_socket_power_delta_5,-0.7700300014620949,0.7700300014620949
p0_power_lag_10,-0.6738367966429283,0.6738367966429283
cpu_temp_max_delta_1,0.658945574110181,0.658945574110181
load_one_roll_std_3,0.6109461354911265,0.6109461354911265
load_one_delta_5,-0.5691180939056012,0.5691180939056012
load_one_roll_mean_5,-0.5381971384365842,0.5381971384365842
cpu_temp_max_roll_std_10,-0.47309146401616087,0.47309146401616087
p0_power_lag_2,0.4589056607788451,0.4589056607788451
cpu_temp_max_roll_std_3,-0.44416822261627004,0.44416822261627004
cpu_temp_max_roll_mean_3,0.43948877262294667,0.43948877262294667
cpu_socket_power_delta_1,0.4105769930572011,0.4105769930572011
node_119,-0.3555445850621912,0.3555445850621912
cpu_temp_max_roll_mean_5,-0.2579114734351838,0.2579114734351838
load_one_delta_1,-0.17241858295005752,0.17241858295005752
cpu_temp_mean_delta_1,-0.16587120747123998,0.16587120747123998
cpu_busy_lag_1,0.1586316957694982,0.1586316957694982
node_123,0.09513704413466763,0.09513704413466763
cpu_idle_lag_1,0.06277495865844293,0.06277495865844293
p1_power_lag_1,-0.04636595240825621,0.04636595240825621
cpu_wio,0.0,0.0
cpu_speed,0.0,0.0
